RandRep,Treat,Gen,Reason,Status,pdG,pdH
626,1,1,Convergence criteria met.,0,0,1
626,1,2,Convergence criteria met.,0,0,1
626,1,3,Convergence criteria met.,0,0,1
626,1,4,Convergence criteria met.,0,0,1
626,1,5,Convergence criteria met.,0,0,1
626,1,6,Convergence criteria met.,0,0,1
626,3,1,Convergence criteria met.,0,0,1
626,3,2,Convergence criteria met.,0,0,1
626,3,3,Convergence criteria met.,0,0,1
626,3,4,Convergence criteria met.,0,0,1
626,3,5,Convergence criteria met.,0,0,1
626,3,6,Convergence criteria met.,0,0,1
627,1,1,Convergence criteria met.,0,0,1
627,1,2,Convergence criteria met.,0,0,1
627,1,3,Convergence criteria met.,0,0,1
627,1,4,Convergence criteria met.,0,0,1
627,1,5,Convergence criteria met.,0,0,1
627,1,6,Convergence criteria met.,0,0,1
627,3,1,Convergence criteria met.,0,0,1
627,3,2,Convergence criteria met.,0,0,1
627,3,3,Convergence criteria met.,0,0,1
627,3,4,Convergence criteria met.,0,0,1
627,3,5,Convergence criteria met.,0,0,1
627,3,6,Convergence criteria met.,0,0,1
628,1,1,Convergence criteria met.,0,0,1
628,1,2,Convergence criteria met.,0,0,1
628,1,3,Convergence criteria met.,0,0,1
628,1,4,Convergence criteria met.,0,0,1
628,1,5,Convergence criteria met.,0,0,1
628,1,6,Convergence criteria met.,0,0,1
628,3,1,Convergence criteria met.,0,0,1
628,3,2,Convergence criteria met.,0,0,1
628,3,3,Convergence criteria met.,0,0,1
628,3,4,Convergence criteria met.,0,0,1
628,3,5,Convergence criteria met.,0,0,1
628,3,6,Convergence criteria met.,0,0,1
629,1,1,Convergence criteria met.,0,0,1
629,1,2,Convergence criteria met.,0,0,1
629,1,3,Convergence criteria met.,0,0,1
629,1,4,Convergence criteria met.,0,0,1
629,1,5,Convergence criteria met.,0,0,1
629,1,6,Convergence criteria met.,0,0,1
629,3,1,Convergence criteria met.,0,0,1
629,3,2,Convergence criteria met.,0,0,1
629,3,3,Convergence criteria met.,0,0,1
629,3,4,Convergence criteria met.,0,0,1
629,3,5,Convergence criteria met.,0,0,1
629,3,6,Convergence criteria met.,0,0,1
630,1,1,Convergence criteria met.,0,0,1
630,1,2,Convergence criteria met.,0,0,1
630,1,3,Convergence criteria met.,0,0,1
630,1,4,Convergence criteria met.,0,0,1
630,1,5,Convergence criteria met.,0,0,1
630,1,6,Convergence criteria met.,0,0,1
630,3,1,Convergence criteria met.,0,0,1
630,3,2,Convergence criteria met.,0,0,1
630,3,3,Convergence criteria met.,0,0,1
630,3,4,Convergence criteria met.,0,0,1
630,3,5,Convergence criteria met.,0,0,1
630,3,6,Convergence criteria met.,0,0,1
631,1,1,Convergence criteria met.,0,0,1
631,1,2,Convergence criteria met.,0,0,1
631,1,3,Convergence criteria met.,0,0,1
631,1,4,Convergence criteria met.,0,0,1
631,1,5,Convergence criteria met.,0,0,1
631,1,6,Convergence criteria met.,0,0,1
631,3,1,Convergence criteria met.,0,0,1
631,3,2,Convergence criteria met.,0,0,1
631,3,3,Convergence criteria met.,0,0,1
631,3,4,Convergence criteria met.,0,0,1
631,3,5,Convergence criteria met.,0,0,1
631,3,6,Convergence criteria met.,0,0,1
632,1,1,Convergence criteria met.,0,0,1
632,1,2,Convergence criteria met.,0,0,1
632,1,3,Convergence criteria met.,0,0,1
632,1,4,Convergence criteria met.,0,0,1
632,1,5,Convergence criteria met.,0,0,1
632,1,6,Convergence criteria met.,0,0,1
632,3,1,Convergence criteria met.,0,0,1
632,3,2,Convergence criteria met.,0,0,1
632,3,3,Convergence criteria met.,0,0,1
632,3,4,Convergence criteria met.,0,0,1
632,3,5,Convergence criteria met.,0,0,1
632,3,6,Convergence criteria met.,0,0,1
633,1,1,Convergence criteria met.,0,0,1
633,1,2,Convergence criteria met.,0,0,1
633,1,3,Convergence criteria met.,0,0,1
633,1,4,Convergence criteria met.,0,0,1
633,1,5,Convergence criteria met.,0,0,1
633,1,6,Convergence criteria met.,0,0,1
633,3,1,Convergence criteria met.,0,0,1
633,3,2,Convergence criteria met.,0,0,1
633,3,3,Convergence criteria met.,0,0,1
633,3,4,Convergence criteria met.,0,0,1
633,3,5,Convergence criteria met.,0,0,1
633,3,6,Convergence criteria met.,0,0,1
634,1,1,Convergence criteria met.,0,0,1
634,1,2,Convergence criteria met.,0,0,1
634,1,3,Convergence criteria met.,0,0,1
634,1,4,Convergence criteria met.,0,0,1
634,1,5,Convergence criteria met.,0,0,1
634,1,6,Convergence criteria met.,0,0,1
634,3,1,Convergence criteria met.,0,0,1
634,3,2,Convergence criteria met.,0,0,1
634,3,3,Convergence criteria met.,0,0,1
634,3,4,Convergence criteria met.,0,0,1
634,3,5,Convergence criteria met.,0,0,1
634,3,6,Convergence criteria met.,0,0,1
635,1,1,Convergence criteria met.,0,0,1
635,1,2,Convergence criteria met.,0,0,1
635,1,3,Convergence criteria met.,0,0,1
635,1,4,Convergence criteria met.,0,0,1
635,1,5,Convergence criteria met.,0,0,1
635,1,6,Convergence criteria met.,0,0,1
635,3,1,Convergence criteria met.,0,0,1
635,3,2,Convergence criteria met.,0,0,1
635,3,3,Convergence criteria met.,0,0,1
635,3,4,Convergence criteria met.,0,0,1
635,3,5,Convergence criteria met.,0,0,1
635,3,6,Convergence criteria met.,0,0,1
636,1,1,Convergence criteria met.,0,0,1
636,1,2,Convergence criteria met.,0,0,1
636,1,3,Convergence criteria met.,0,0,1
636,1,4,Convergence criteria met.,0,0,1
636,1,5,Convergence criteria met.,0,0,1
636,1,6,Convergence criteria met.,0,0,1
636,3,1,Convergence criteria met.,0,0,1
636,3,2,Convergence criteria met.,0,0,1
636,3,3,Convergence criteria met.,0,0,1
636,3,4,Convergence criteria met.,0,0,1
636,3,5,Convergence criteria met.,0,0,1
636,3,6,Convergence criteria met.,0,0,1
637,1,1,Convergence criteria met.,0,0,1
637,1,2,Convergence criteria met.,0,0,1
637,1,3,Convergence criteria met.,0,0,1
637,1,4,Convergence criteria met.,0,0,1
637,1,5,Convergence criteria met.,0,0,1
637,1,6,Convergence criteria met.,0,0,1
637,3,1,Convergence criteria met.,0,0,1
637,3,2,Convergence criteria met.,0,0,1
637,3,3,Convergence criteria met.,0,0,1
637,3,4,Convergence criteria met.,0,0,1
637,3,5,Convergence criteria met.,0,0,1
637,3,6,Convergence criteria met.,0,0,1
638,1,1,Convergence criteria met.,0,0,1
638,1,2,Convergence criteria met.,0,0,1
638,1,3,Convergence criteria met.,0,0,1
638,1,4,Convergence criteria met.,0,0,1
638,1,5,Convergence criteria met.,0,0,1
638,1,6,Convergence criteria met.,0,0,1
638,3,1,Convergence criteria met.,0,0,1
638,3,2,Convergence criteria met.,0,0,1
638,3,3,Convergence criteria met.,0,0,1
638,3,4,Convergence criteria met.,0,0,1
638,3,5,Convergence criteria met.,0,0,1
638,3,6,Convergence criteria met.,0,0,1
639,1,1,Convergence criteria met.,0,0,1
639,1,2,Convergence criteria met.,0,0,1
639,1,3,Convergence criteria met.,0,0,1
639,1,4,Convergence criteria met.,0,0,1
639,1,5,Convergence criteria met.,0,0,1
639,1,6,Convergence criteria met.,0,0,1
639,3,1,Convergence criteria met.,0,0,1
639,3,2,Convergence criteria met.,0,0,1
639,3,3,Convergence criteria met.,0,0,1
639,3,4,Convergence criteria met.,0,0,1
639,3,5,Convergence criteria met.,0,0,1
639,3,6,Convergence criteria met.,0,0,1
640,1,1,Convergence criteria met.,0,0,1
640,1,2,Convergence criteria met.,0,0,1
640,1,3,Convergence criteria met.,0,0,1
640,1,4,Convergence criteria met.,0,0,1
640,1,5,Convergence criteria met.,0,0,1
640,1,6,Convergence criteria met.,0,0,1
640,3,1,Convergence criteria met.,0,0,1
640,3,2,Convergence criteria met.,0,0,1
640,3,3,Convergence criteria met.,0,0,1
640,3,4,Convergence criteria met.,0,0,1
640,3,5,Convergence criteria met.,0,0,1
640,3,6,Convergence criteria met.,0,0,1
641,1,1,Convergence criteria met.,0,0,1
641,1,2,Convergence criteria met.,0,0,1
641,1,3,Convergence criteria met.,0,0,1
641,1,4,Convergence criteria met.,0,0,1
641,1,5,Convergence criteria met.,0,0,1
641,1,6,Convergence criteria met.,0,0,1
641,3,1,Convergence criteria met.,0,0,1
641,3,2,Convergence criteria met.,0,0,1
641,3,3,Convergence criteria met.,0,0,1
641,3,4,Convergence criteria met.,0,0,1
641,3,5,Convergence criteria met.,0,0,1
641,3,6,Convergence criteria met.,0,0,1
642,1,1,Convergence criteria met.,0,0,1
642,1,2,Convergence criteria met.,0,0,1
642,1,3,Convergence criteria met.,0,0,1
642,1,4,Convergence criteria met.,0,0,1
642,1,5,Convergence criteria met.,0,0,1
642,1,6,Convergence criteria met.,0,0,1
642,3,1,Convergence criteria met.,0,0,1
642,3,2,Convergence criteria met.,0,0,1
642,3,3,Convergence criteria met.,0,0,1
642,3,4,Convergence criteria met.,0,0,1
642,3,5,Convergence criteria met.,0,0,1
642,3,6,Convergence criteria met.,0,0,1
643,1,1,Convergence criteria met.,0,0,1
643,1,2,Convergence criteria met.,0,0,1
643,1,3,Convergence criteria met.,0,0,1
643,1,4,Convergence criteria met.,0,0,1
643,1,5,Convergence criteria met.,0,0,1
643,1,6,Convergence criteria met.,0,0,1
643,3,1,Convergence criteria met.,0,0,1
643,3,2,Convergence criteria met.,0,0,1
643,3,3,Convergence criteria met.,0,0,1
643,3,4,Convergence criteria met.,0,0,1
643,3,5,Convergence criteria met.,0,0,1
643,3,6,Convergence criteria met.,0,0,1
644,1,1,Convergence criteria met.,0,0,1
644,1,2,Convergence criteria met.,0,0,1
644,1,3,Convergence criteria met.,0,0,1
644,1,4,Convergence criteria met.,0,0,1
644,1,5,Convergence criteria met.,0,0,1
644,1,6,Convergence criteria met.,0,0,1
644,3,1,Convergence criteria met.,0,0,1
644,3,2,Convergence criteria met.,0,0,1
644,3,3,Convergence criteria met.,0,0,1
644,3,4,Convergence criteria met.,0,0,1
644,3,5,Convergence criteria met.,0,0,1
644,3,6,Convergence criteria met.,0,0,1
645,1,1,Convergence criteria met.,0,0,1
645,1,2,Convergence criteria met.,0,0,1
645,1,3,Convergence criteria met.,0,0,1
645,1,4,Convergence criteria met.,0,0,1
645,1,5,Convergence criteria met.,0,0,1
645,1,6,Convergence criteria met.,0,0,1
645,3,1,Convergence criteria met.,0,0,1
645,3,2,Convergence criteria met.,0,0,1
645,3,3,Convergence criteria met.,0,0,1
645,3,4,Convergence criteria met.,0,0,1
645,3,5,Convergence criteria met.,0,0,1
645,3,6,Convergence criteria met.,0,0,1
646,1,1,Convergence criteria met.,0,0,1
646,1,2,Convergence criteria met.,0,0,1
646,1,3,Convergence criteria met.,0,0,1
646,1,4,Convergence criteria met.,0,0,1
646,1,5,Convergence criteria met.,0,0,1
646,1,6,Convergence criteria met.,0,0,1
646,3,1,Convergence criteria met.,0,0,1
646,3,2,Convergence criteria met.,0,0,1
646,3,3,Convergence criteria met.,0,0,1
646,3,4,Convergence criteria met.,0,0,1
646,3,5,Convergence criteria met.,0,0,1
646,3,6,Convergence criteria met.,0,0,1
647,1,1,Convergence criteria met.,0,0,1
647,1,2,Convergence criteria met.,0,0,1
647,1,3,Convergence criteria met.,0,0,1
647,1,4,Convergence criteria met.,0,0,1
647,1,5,Convergence criteria met.,0,0,1
647,1,6,Convergence criteria met.,0,0,1
647,3,1,Convergence criteria met.,0,0,1
647,3,2,Convergence criteria met.,0,0,1
647,3,3,Convergence criteria met.,0,0,1
647,3,4,Convergence criteria met.,0,0,1
647,3,5,Convergence criteria met.,0,0,1
647,3,6,Convergence criteria met.,0,0,1
648,1,1,Convergence criteria met.,0,0,1
648,1,2,Convergence criteria met.,0,0,1
648,1,3,Convergence criteria met.,0,0,1
648,1,4,Convergence criteria met.,0,0,1
648,1,5,Convergence criteria met.,0,0,1
648,1,6,Convergence criteria met.,0,0,1
648,3,1,Convergence criteria met.,0,0,1
648,3,2,Convergence criteria met.,0,0,1
648,3,3,Convergence criteria met.,0,0,1
648,3,4,Convergence criteria met.,0,0,1
648,3,5,Convergence criteria met.,0,0,1
648,3,6,Convergence criteria met.,0,0,1
649,1,1,Convergence criteria met.,0,0,1
649,1,2,Convergence criteria met.,0,0,1
649,1,3,Convergence criteria met.,0,0,1
649,1,4,Convergence criteria met.,0,0,1
649,1,5,Convergence criteria met.,0,0,1
649,1,6,Convergence criteria met.,0,0,1
649,3,1,Convergence criteria met.,0,0,1
649,3,2,Convergence criteria met.,0,0,1
649,3,3,Convergence criteria met.,0,0,1
649,3,4,Convergence criteria met.,0,0,1
649,3,5,Convergence criteria met.,0,0,1
649,3,6,Convergence criteria met.,0,0,1
650,1,1,Convergence criteria met.,0,0,1
650,1,2,Convergence criteria met.,0,0,1
650,1,3,Convergence criteria met.,0,0,1
650,1,4,Convergence criteria met.,0,0,1
650,1,5,Convergence criteria met.,0,0,1
650,1,6,Convergence criteria met.,0,0,1
650,3,1,Convergence criteria met.,0,0,1
650,3,2,Convergence criteria met.,0,0,1
650,3,3,Convergence criteria met.,0,0,1
650,3,4,Convergence criteria met.,0,0,1
650,3,5,Convergence criteria met.,0,0,1
650,3,6,Convergence criteria met.,0,0,1
651,1,1,Convergence criteria met.,0,0,1
651,1,2,Convergence criteria met.,0,0,1
651,1,3,Convergence criteria met.,0,0,1
651,1,4,Convergence criteria met.,0,0,1
651,1,5,Convergence criteria met.,0,0,1
651,1,6,Convergence criteria met.,0,0,1
651,3,1,Convergence criteria met.,0,0,1
651,3,2,Convergence criteria met.,0,0,1
651,3,3,Convergence criteria met.,0,0,1
651,3,4,Convergence criteria met.,0,0,1
651,3,5,Convergence criteria met.,0,0,1
651,3,6,Convergence criteria met.,0,0,1
652,1,1,Convergence criteria met.,0,0,1
652,1,2,Convergence criteria met.,0,0,1
652,1,3,Convergence criteria met.,0,0,1
652,1,4,Convergence criteria met.,0,0,1
652,1,5,Convergence criteria met.,0,0,1
652,1,6,Convergence criteria met.,0,0,1
652,3,1,Convergence criteria met.,0,0,1
652,3,2,Convergence criteria met.,0,0,1
652,3,3,Convergence criteria met.,0,0,1
652,3,4,Convergence criteria met.,0,0,1
652,3,5,Convergence criteria met.,0,0,1
652,3,6,Convergence criteria met.,0,0,1
653,1,1,Convergence criteria met.,0,0,1
653,1,2,Convergence criteria met.,0,0,1
653,1,3,Convergence criteria met.,0,0,1
653,1,4,Convergence criteria met.,0,0,1
653,1,5,Convergence criteria met.,0,0,1
653,1,6,Convergence criteria met.,0,0,1
653,3,1,Convergence criteria met.,0,0,1
653,3,2,Convergence criteria met.,0,0,1
653,3,3,Convergence criteria met.,0,0,1
653,3,4,Convergence criteria met.,0,0,1
653,3,5,Convergence criteria met.,0,0,1
653,3,6,Convergence criteria met.,0,0,1
654,1,1,Convergence criteria met.,0,0,1
654,1,2,Convergence criteria met.,0,0,1
654,1,3,Convergence criteria met.,0,0,1
654,1,4,Convergence criteria met.,0,0,1
654,1,5,Convergence criteria met.,0,0,1
654,1,6,Convergence criteria met.,0,0,1
654,3,1,Convergence criteria met.,0,0,1
654,3,2,Convergence criteria met.,0,0,1
654,3,3,Convergence criteria met.,0,0,1
654,3,4,Convergence criteria met.,0,0,1
654,3,5,Convergence criteria met.,0,0,1
654,3,6,Convergence criteria met.,0,0,1
655,1,1,Convergence criteria met.,0,0,1
655,1,2,Convergence criteria met.,0,0,1
655,1,3,Convergence criteria met.,0,0,1
655,1,4,Convergence criteria met.,0,0,1
655,1,5,Convergence criteria met.,0,0,1
655,1,6,Convergence criteria met.,0,0,1
655,3,1,Convergence criteria met.,0,0,1
655,3,2,Convergence criteria met.,0,0,1
655,3,3,Convergence criteria met.,0,0,1
655,3,4,Convergence criteria met.,0,0,1
655,3,5,Convergence criteria met.,0,0,1
655,3,6,Convergence criteria met.,0,0,1
656,1,1,Convergence criteria met.,0,0,1
656,1,2,Convergence criteria met.,0,0,1
656,1,3,Convergence criteria met.,0,0,1
656,1,4,Convergence criteria met.,0,0,1
656,1,5,Convergence criteria met.,0,0,1
656,1,6,Convergence criteria met.,0,0,1
656,3,1,Convergence criteria met.,0,0,1
656,3,2,Convergence criteria met.,0,0,1
656,3,3,Convergence criteria met.,0,0,1
656,3,4,Convergence criteria met.,0,0,1
656,3,5,Convergence criteria met.,0,0,1
656,3,6,Convergence criteria met.,0,0,1
657,1,1,Convergence criteria met.,0,0,1
657,1,2,Convergence criteria met.,0,0,1
657,1,3,Convergence criteria met.,0,0,1
657,1,4,Convergence criteria met.,0,0,1
657,1,5,Convergence criteria met.,0,0,1
657,1,6,Convergence criteria met.,0,0,1
657,3,1,Convergence criteria met.,0,0,1
657,3,2,Convergence criteria met.,0,0,1
657,3,3,Convergence criteria met.,0,0,1
657,3,4,Convergence criteria met.,0,0,1
657,3,5,Convergence criteria met.,0,0,1
657,3,6,Convergence criteria met.,0,0,1
658,1,1,Convergence criteria met.,0,0,1
658,1,2,Convergence criteria met.,0,0,1
658,1,3,Convergence criteria met.,0,0,1
658,1,4,Convergence criteria met.,0,0,1
658,1,5,Convergence criteria met.,0,0,1
658,1,6,Convergence criteria met.,0,0,1
658,3,1,Convergence criteria met.,0,0,1
658,3,2,Convergence criteria met.,0,0,1
658,3,3,Convergence criteria met.,0,0,1
658,3,4,Convergence criteria met.,0,0,1
658,3,5,Convergence criteria met.,0,0,1
658,3,6,Convergence criteria met.,0,0,1
659,1,1,Convergence criteria met.,0,0,1
659,1,2,Convergence criteria met.,0,0,1
659,1,3,Convergence criteria met.,0,0,1
659,1,4,Convergence criteria met.,0,0,1
659,1,5,Convergence criteria met.,0,0,1
659,1,6,Convergence criteria met.,0,0,1
659,3,1,Convergence criteria met.,0,0,1
659,3,2,Convergence criteria met.,0,0,1
659,3,3,Convergence criteria met.,0,0,1
659,3,4,Convergence criteria met.,0,0,1
659,3,5,Convergence criteria met.,0,0,1
659,3,6,Convergence criteria met.,0,0,1
660,1,1,Convergence criteria met.,0,0,1
660,1,2,Convergence criteria met.,0,0,1
660,1,3,Convergence criteria met.,0,0,1
660,1,4,Convergence criteria met.,0,0,1
660,1,5,Convergence criteria met.,0,0,1
660,1,6,Convergence criteria met.,0,0,1
660,3,1,Convergence criteria met.,0,0,1
660,3,2,Convergence criteria met.,0,0,1
660,3,3,Convergence criteria met.,0,0,1
660,3,4,Convergence criteria met.,0,0,1
660,3,5,Convergence criteria met.,0,0,1
660,3,6,Convergence criteria met.,0,0,1
661,1,1,Convergence criteria met.,0,0,1
661,1,2,Convergence criteria met.,0,0,1
661,1,3,Convergence criteria met.,0,0,1
661,1,4,Convergence criteria met.,0,0,1
661,1,5,Convergence criteria met.,0,0,1
661,1,6,Convergence criteria met.,0,0,1
661,3,1,Convergence criteria met.,0,0,1
661,3,2,Convergence criteria met.,0,0,1
661,3,3,Convergence criteria met.,0,0,1
661,3,4,Convergence criteria met.,0,0,1
661,3,5,Convergence criteria met.,0,0,1
661,3,6,Convergence criteria met.,0,0,1
662,1,1,Convergence criteria met.,0,0,1
662,1,2,Convergence criteria met.,0,0,1
662,1,3,Convergence criteria met.,0,0,1
662,1,4,Convergence criteria met.,0,0,1
662,1,5,Convergence criteria met.,0,0,1
662,1,6,Convergence criteria met.,0,0,1
662,3,1,Convergence criteria met.,0,0,1
662,3,2,Convergence criteria met.,0,0,1
662,3,3,Convergence criteria met.,0,0,1
662,3,4,Convergence criteria met.,0,0,1
662,3,5,Convergence criteria met.,0,0,1
662,3,6,Convergence criteria met.,0,0,1
663,1,1,Convergence criteria met.,0,0,1
663,1,2,Convergence criteria met.,0,0,1
663,1,3,Convergence criteria met.,0,0,1
663,1,4,Convergence criteria met.,0,0,1
663,1,5,Convergence criteria met.,0,0,1
663,1,6,Convergence criteria met.,0,0,1
663,3,1,Convergence criteria met.,0,0,1
663,3,2,Convergence criteria met.,0,0,1
663,3,3,Convergence criteria met.,0,0,1
663,3,4,Convergence criteria met.,0,0,1
663,3,5,Convergence criteria met.,0,0,1
663,3,6,Convergence criteria met.,0,0,1
664,1,1,Convergence criteria met.,0,0,1
664,1,2,Convergence criteria met.,0,0,1
664,1,3,Convergence criteria met.,0,0,1
664,1,4,Convergence criteria met.,0,0,1
664,1,5,Convergence criteria met.,0,0,1
664,1,6,Convergence criteria met.,0,0,1
664,3,1,Convergence criteria met.,0,0,1
664,3,2,Convergence criteria met.,0,0,1
664,3,3,Convergence criteria met.,0,0,1
664,3,4,Convergence criteria met.,0,0,1
664,3,5,Convergence criteria met.,0,0,1
664,3,6,Convergence criteria met.,0,0,1
665,1,1,Convergence criteria met.,0,0,1
665,1,2,Convergence criteria met.,0,0,1
665,1,3,Convergence criteria met.,0,0,1
665,1,4,Convergence criteria met.,0,0,1
665,1,5,Convergence criteria met.,0,0,1
665,1,6,Convergence criteria met.,0,0,1
665,3,1,Convergence criteria met.,0,0,1
665,3,2,Convergence criteria met.,0,0,1
665,3,3,Convergence criteria met.,0,0,1
665,3,4,Convergence criteria met.,0,0,1
665,3,5,Convergence criteria met.,0,0,1
665,3,6,Convergence criteria met.,0,0,1
666,1,1,Convergence criteria met.,0,0,1
666,1,2,Convergence criteria met.,0,0,1
666,1,3,Convergence criteria met.,0,0,1
666,1,4,Convergence criteria met.,0,0,1
666,1,5,Convergence criteria met.,0,0,1
666,1,6,Convergence criteria met.,0,0,1
666,3,1,Convergence criteria met.,0,0,1
666,3,2,Convergence criteria met.,0,0,1
666,3,3,Convergence criteria met.,0,0,1
666,3,4,Convergence criteria met.,0,0,1
666,3,5,Convergence criteria met.,0,0,1
666,3,6,Convergence criteria met.,0,0,1
667,1,1,Convergence criteria met.,0,0,1
667,1,2,Convergence criteria met.,0,0,1
667,1,3,Convergence criteria met.,0,0,1
667,1,4,Convergence criteria met.,0,0,1
667,1,5,Convergence criteria met.,0,0,1
667,1,6,Convergence criteria met.,0,0,1
667,3,1,Convergence criteria met.,0,0,1
667,3,2,Convergence criteria met.,0,0,1
667,3,3,Convergence criteria met.,0,0,1
667,3,4,Convergence criteria met.,0,0,1
667,3,5,Convergence criteria met.,0,0,1
667,3,6,Convergence criteria met.,0,0,1
668,1,1,Convergence criteria met.,0,0,1
668,1,2,Convergence criteria met.,0,0,1
668,1,3,Convergence criteria met.,0,0,1
668,1,4,Convergence criteria met.,0,0,1
668,1,5,Convergence criteria met.,0,0,1
668,1,6,Convergence criteria met.,0,0,1
668,3,1,Convergence criteria met.,0,0,1
668,3,2,Convergence criteria met.,0,0,1
668,3,3,Convergence criteria met.,0,0,1
668,3,4,Convergence criteria met.,0,0,1
668,3,5,Convergence criteria met.,0,0,1
668,3,6,Convergence criteria met.,0,0,1
669,1,1,Convergence criteria met.,0,0,1
669,1,2,Convergence criteria met.,0,0,1
669,1,3,Convergence criteria met.,0,0,1
669,1,4,Convergence criteria met.,0,0,1
669,1,5,Convergence criteria met.,0,0,1
669,1,6,Convergence criteria met.,0,0,1
669,3,1,Convergence criteria met.,0,0,1
669,3,2,Convergence criteria met.,0,0,1
669,3,3,Convergence criteria met.,0,0,1
669,3,4,Convergence criteria met.,0,0,1
669,3,5,Convergence criteria met.,0,0,1
669,3,6,Convergence criteria met.,0,0,1
670,1,1,Convergence criteria met.,0,0,1
670,1,2,Convergence criteria met.,0,0,1
670,1,3,Convergence criteria met.,0,0,1
670,1,4,Convergence criteria met.,0,0,1
670,1,5,Convergence criteria met.,0,0,1
670,1,6,Convergence criteria met.,0,0,1
670,3,1,Convergence criteria met.,0,0,1
670,3,2,Convergence criteria met.,0,0,1
670,3,3,Convergence criteria met.,0,0,1
670,3,4,Convergence criteria met.,0,0,1
670,3,5,Convergence criteria met.,0,0,1
670,3,6,Convergence criteria met.,0,0,1
671,1,1,Convergence criteria met.,0,0,1
671,1,2,Convergence criteria met.,0,0,1
671,1,3,Convergence criteria met.,0,0,1
671,1,4,Convergence criteria met.,0,0,1
671,1,5,Convergence criteria met.,0,0,1
671,1,6,Convergence criteria met.,0,0,1
671,3,1,Convergence criteria met.,0,0,1
671,3,2,Convergence criteria met.,0,0,1
671,3,3,Convergence criteria met.,0,0,1
671,3,4,Convergence criteria met.,0,0,1
671,3,5,Convergence criteria met.,0,0,1
671,3,6,Convergence criteria met.,0,0,1
672,1,1,Convergence criteria met.,0,0,1
672,1,2,Convergence criteria met.,0,0,1
672,1,3,Convergence criteria met.,0,0,1
672,1,4,Convergence criteria met.,0,0,1
672,1,5,Convergence criteria met.,0,0,1
672,1,6,Convergence criteria met.,0,0,1
672,3,1,Convergence criteria met.,0,0,1
672,3,2,Convergence criteria met.,0,0,1
672,3,3,Convergence criteria met.,0,0,1
672,3,4,Convergence criteria met.,0,0,1
672,3,5,Convergence criteria met.,0,0,1
672,3,6,Convergence criteria met.,0,0,1
673,1,1,Convergence criteria met.,0,0,1
673,1,2,Convergence criteria met.,0,0,1
673,1,3,Convergence criteria met.,0,0,1
673,1,4,Convergence criteria met.,0,0,1
673,1,5,Convergence criteria met.,0,0,1
673,1,6,Convergence criteria met.,0,0,1
673,3,1,Convergence criteria met.,0,0,1
673,3,2,Convergence criteria met.,0,0,1
673,3,3,Convergence criteria met.,0,0,1
673,3,4,Convergence criteria met.,0,0,1
673,3,5,Convergence criteria met.,0,0,1
673,3,6,Convergence criteria met.,0,0,1
674,1,1,Convergence criteria met.,0,0,1
674,1,2,Convergence criteria met.,0,0,1
674,1,3,Convergence criteria met.,0,0,1
674,1,4,Convergence criteria met.,0,0,1
674,1,5,Convergence criteria met.,0,0,1
674,1,6,Convergence criteria met.,0,0,1
674,3,1,Convergence criteria met.,0,0,1
674,3,2,Convergence criteria met.,0,0,1
674,3,3,Convergence criteria met.,0,0,1
674,3,4,Convergence criteria met.,0,0,1
674,3,5,Convergence criteria met.,0,0,1
674,3,6,Convergence criteria met.,0,0,1
675,1,1,Convergence criteria met.,0,0,1
675,1,2,Convergence criteria met.,0,0,1
675,1,3,Convergence criteria met.,0,0,1
675,1,4,Convergence criteria met.,0,0,1
675,1,5,Convergence criteria met.,0,0,1
675,1,6,Convergence criteria met.,0,0,1
675,3,1,Convergence criteria met.,0,0,1
675,3,2,Convergence criteria met.,0,0,1
675,3,3,Convergence criteria met.,0,0,1
675,3,4,Convergence criteria met.,0,0,1
675,3,5,Convergence criteria met.,0,0,1
675,3,6,Convergence criteria met.,0,0,1
676,1,1,Convergence criteria met.,0,0,1
676,1,2,Convergence criteria met.,0,0,1
676,1,3,Convergence criteria met.,0,0,1
676,1,4,Convergence criteria met.,0,0,1
676,1,5,Convergence criteria met.,0,0,1
676,1,6,Convergence criteria met.,0,0,1
676,3,1,Convergence criteria met.,0,0,1
676,3,2,Convergence criteria met.,0,0,1
676,3,3,Convergence criteria met.,0,0,1
676,3,4,Convergence criteria met.,0,0,1
676,3,5,Convergence criteria met.,0,0,1
676,3,6,Convergence criteria met.,0,0,1
677,1,1,Convergence criteria met.,0,0,1
677,1,2,Convergence criteria met.,0,0,1
677,1,3,Convergence criteria met.,0,0,1
677,1,4,Convergence criteria met.,0,0,1
677,1,5,Convergence criteria met.,0,0,1
677,1,6,Convergence criteria met.,0,0,1
677,3,1,Convergence criteria met.,0,0,1
677,3,2,Convergence criteria met.,0,0,1
677,3,3,Convergence criteria met.,0,0,1
677,3,4,Convergence criteria met.,0,0,1
677,3,5,Convergence criteria met.,0,0,1
677,3,6,Convergence criteria met.,0,0,1
678,1,1,Convergence criteria met.,0,0,1
678,1,2,Convergence criteria met.,0,0,1
678,1,3,Convergence criteria met.,0,0,1
678,1,4,Convergence criteria met.,0,0,1
678,1,5,Convergence criteria met.,0,0,1
678,1,6,Convergence criteria met.,0,0,1
678,3,1,Convergence criteria met.,0,0,1
678,3,2,Convergence criteria met.,0,0,1
678,3,3,Convergence criteria met.,0,0,1
678,3,4,Convergence criteria met.,0,0,1
678,3,5,Convergence criteria met.,0,0,1
678,3,6,Convergence criteria met.,0,0,1
679,1,1,Convergence criteria met.,0,0,1
679,1,2,Convergence criteria met.,0,0,1
679,1,3,Convergence criteria met.,0,0,1
679,1,4,Convergence criteria met.,0,0,1
679,1,5,Convergence criteria met.,0,0,1
679,1,6,Convergence criteria met.,0,0,1
679,3,1,Convergence criteria met.,0,0,1
679,3,2,Convergence criteria met.,0,0,1
679,3,3,Convergence criteria met.,0,0,1
679,3,4,Convergence criteria met.,0,0,1
679,3,5,Convergence criteria met.,0,0,1
679,3,6,Convergence criteria met.,0,0,1
680,1,1,Convergence criteria met.,0,0,1
680,1,2,Convergence criteria met.,0,0,1
680,1,3,Convergence criteria met.,0,0,1
680,1,4,Convergence criteria met.,0,0,1
680,1,5,Convergence criteria met.,0,0,1
680,1,6,Convergence criteria met.,0,0,1
680,3,1,Convergence criteria met.,0,0,1
680,3,2,Convergence criteria met.,0,0,1
680,3,3,Convergence criteria met.,0,0,1
680,3,4,Convergence criteria met.,0,0,1
680,3,5,Convergence criteria met.,0,0,1
680,3,6,Convergence criteria met.,0,0,1
681,1,1,Convergence criteria met.,0,0,1
681,1,2,Convergence criteria met.,0,0,1
681,1,3,Convergence criteria met.,0,0,1
681,1,4,Convergence criteria met.,0,0,1
681,1,5,Convergence criteria met.,0,0,1
681,1,6,Convergence criteria met.,0,0,1
681,3,1,Convergence criteria met.,0,0,1
681,3,2,Convergence criteria met.,0,0,1
681,3,3,Convergence criteria met.,0,0,1
681,3,4,Convergence criteria met.,0,0,1
681,3,5,Convergence criteria met.,0,0,1
681,3,6,Convergence criteria met.,0,0,1
682,1,1,Convergence criteria met.,0,0,1
682,1,2,Convergence criteria met.,0,0,1
682,1,3,Convergence criteria met.,0,0,1
682,1,4,Convergence criteria met.,0,0,1
682,1,5,Convergence criteria met.,0,0,1
682,1,6,Convergence criteria met.,0,0,1
682,3,1,Convergence criteria met.,0,0,1
682,3,2,Convergence criteria met.,0,0,1
682,3,3,Convergence criteria met.,0,0,1
682,3,4,Convergence criteria met.,0,0,1
682,3,5,Convergence criteria met.,0,0,1
682,3,6,Convergence criteria met.,0,0,1
683,1,1,Convergence criteria met.,0,0,1
683,1,2,Convergence criteria met.,0,0,1
683,1,3,Convergence criteria met.,0,0,1
683,1,4,Convergence criteria met.,0,0,1
683,1,5,Convergence criteria met.,0,0,1
683,1,6,Convergence criteria met.,0,0,1
683,3,1,Convergence criteria met.,0,0,1
683,3,2,Convergence criteria met.,0,0,1
683,3,3,Convergence criteria met.,0,0,1
683,3,4,Convergence criteria met.,0,0,1
683,3,5,Convergence criteria met.,0,0,1
683,3,6,Convergence criteria met.,0,0,1
684,1,1,Convergence criteria met.,0,0,1
684,1,2,Convergence criteria met.,0,0,1
684,1,3,Convergence criteria met.,0,0,1
684,1,4,Convergence criteria met.,0,0,1
684,1,5,Convergence criteria met.,0,0,1
684,1,6,Convergence criteria met.,0,0,1
684,3,1,Convergence criteria met.,0,0,1
684,3,2,Convergence criteria met.,0,0,1
684,3,3,Convergence criteria met.,0,0,1
684,3,4,Convergence criteria met.,0,0,1
684,3,5,Convergence criteria met.,0,0,1
684,3,6,Convergence criteria met.,0,0,1
685,1,1,Convergence criteria met.,0,0,1
685,1,2,Convergence criteria met.,0,0,1
685,1,3,Convergence criteria met.,0,0,1
685,1,4,Convergence criteria met.,0,0,1
685,1,5,Convergence criteria met.,0,0,1
685,1,6,Convergence criteria met.,0,0,1
685,3,1,Convergence criteria met.,0,0,1
685,3,2,Convergence criteria met.,0,0,1
685,3,3,Convergence criteria met.,0,0,1
685,3,4,Convergence criteria met.,0,0,1
685,3,5,Convergence criteria met.,0,0,1
685,3,6,Convergence criteria met.,0,0,1
686,1,1,Convergence criteria met.,0,0,1
686,1,2,Convergence criteria met.,0,0,1
686,1,3,Convergence criteria met.,0,0,1
686,1,4,Convergence criteria met.,0,0,1
686,1,5,Convergence criteria met.,0,0,1
686,1,6,Convergence criteria met.,0,0,1
686,3,1,Convergence criteria met.,0,0,1
686,3,2,Convergence criteria met.,0,0,1
686,3,3,Convergence criteria met.,0,0,1
686,3,4,Convergence criteria met.,0,0,1
686,3,5,Convergence criteria met.,0,0,1
686,3,6,Convergence criteria met.,0,0,1
687,1,1,Convergence criteria met.,0,0,1
687,1,2,Convergence criteria met.,0,0,1
687,1,3,Convergence criteria met.,0,0,1
687,1,4,Convergence criteria met.,0,0,1
687,1,5,Convergence criteria met.,0,0,1
687,1,6,Convergence criteria met.,0,0,1
687,3,1,Convergence criteria met.,0,0,1
687,3,2,Convergence criteria met.,0,0,1
687,3,3,Convergence criteria met.,0,0,1
687,3,4,Convergence criteria met.,0,0,1
687,3,5,Convergence criteria met.,0,0,1
687,3,6,Convergence criteria met.,0,0,1
688,1,1,Convergence criteria met.,0,0,1
688,1,2,Convergence criteria met.,0,0,1
688,1,3,Convergence criteria met.,0,0,1
688,1,4,Convergence criteria met.,0,0,1
688,1,5,Convergence criteria met.,0,0,1
688,1,6,Convergence criteria met.,0,0,1
688,3,1,Convergence criteria met.,0,0,1
688,3,2,Convergence criteria met.,0,0,1
688,3,3,Convergence criteria met.,0,0,1
688,3,4,Convergence criteria met.,0,0,1
688,3,5,Convergence criteria met.,0,0,1
688,3,6,Convergence criteria met.,0,0,1
689,1,1,Convergence criteria met.,0,0,1
689,1,2,Convergence criteria met.,0,0,1
689,1,3,Convergence criteria met.,0,0,1
689,1,4,Convergence criteria met.,0,0,1
689,1,5,Convergence criteria met.,0,0,1
689,1,6,Convergence criteria met.,0,0,1
689,3,1,Convergence criteria met.,0,0,1
689,3,2,Convergence criteria met.,0,0,1
689,3,3,Convergence criteria met.,0,0,1
689,3,4,Convergence criteria met.,0,0,1
689,3,5,Convergence criteria met.,0,0,1
689,3,6,Convergence criteria met.,0,0,1
690,1,1,Convergence criteria met.,0,0,1
690,1,2,Convergence criteria met.,0,0,1
690,1,3,Convergence criteria met.,0,0,1
690,1,4,Convergence criteria met.,0,0,1
690,1,5,Convergence criteria met.,0,0,1
690,1,6,Convergence criteria met.,0,0,1
690,3,1,Convergence criteria met.,0,0,1
690,3,2,Convergence criteria met.,0,0,1
690,3,3,Convergence criteria met.,0,0,1
690,3,4,Convergence criteria met.,0,0,1
690,3,5,Convergence criteria met.,0,0,1
690,3,6,Convergence criteria met.,0,0,1
691,1,1,Convergence criteria met.,0,0,1
691,1,2,Convergence criteria met.,0,0,1
691,1,3,Convergence criteria met.,0,0,1
691,1,4,Convergence criteria met.,0,0,1
691,1,5,Convergence criteria met.,0,0,1
691,1,6,Convergence criteria met.,0,0,1
691,3,1,Convergence criteria met.,0,0,1
691,3,2,Convergence criteria met.,0,0,1
691,3,3,Convergence criteria met.,0,0,1
691,3,4,Convergence criteria met.,0,0,1
691,3,5,Convergence criteria met.,0,0,1
691,3,6,Convergence criteria met.,0,0,1
692,1,1,Convergence criteria met.,0,0,1
692,1,2,Convergence criteria met.,0,0,1
692,1,3,Convergence criteria met.,0,0,1
692,1,4,Convergence criteria met.,0,0,1
692,1,5,Convergence criteria met.,0,0,1
692,1,6,Convergence criteria met.,0,0,1
692,3,1,Convergence criteria met.,0,0,1
692,3,2,Convergence criteria met.,0,0,1
692,3,3,Convergence criteria met.,0,0,1
692,3,4,Convergence criteria met.,0,0,1
692,3,5,Convergence criteria met.,0,0,1
692,3,6,Convergence criteria met.,0,0,1
693,1,1,Convergence criteria met.,0,0,1
693,1,2,Convergence criteria met.,0,0,1
693,1,3,Convergence criteria met.,0,0,1
693,1,4,Convergence criteria met.,0,0,1
693,1,5,Convergence criteria met.,0,0,1
693,1,6,Convergence criteria met.,0,0,1
693,3,1,Convergence criteria met.,0,0,1
693,3,2,Convergence criteria met.,0,0,1
693,3,3,Convergence criteria met.,0,0,1
693,3,4,Convergence criteria met.,0,0,1
693,3,5,Convergence criteria met.,0,0,1
693,3,6,Convergence criteria met.,0,0,1
694,1,1,Convergence criteria met.,0,0,1
694,1,2,Convergence criteria met.,0,0,1
694,1,3,Convergence criteria met.,0,0,1
694,1,4,Convergence criteria met.,0,0,1
694,1,5,Convergence criteria met.,0,0,1
694,1,6,Convergence criteria met.,0,0,1
694,3,1,Convergence criteria met.,0,0,1
694,3,2,Convergence criteria met.,0,0,1
694,3,3,Convergence criteria met.,0,0,1
694,3,4,Convergence criteria met.,0,0,1
694,3,5,Convergence criteria met.,0,0,1
694,3,6,Convergence criteria met.,0,0,1
695,1,1,Convergence criteria met.,0,0,1
695,1,2,Convergence criteria met.,0,0,1
695,1,3,Convergence criteria met.,0,0,1
695,1,4,Convergence criteria met.,0,0,1
695,1,5,Convergence criteria met.,0,0,1
695,1,6,Convergence criteria met.,0,0,1
695,3,1,Convergence criteria met.,0,0,1
695,3,2,Convergence criteria met.,0,0,1
695,3,3,Convergence criteria met.,0,0,1
695,3,4,Convergence criteria met.,0,0,1
695,3,5,Convergence criteria met.,0,0,1
695,3,6,Convergence criteria met.,0,0,1
696,1,1,Convergence criteria met.,0,0,1
696,1,2,Convergence criteria met.,0,0,1
696,1,3,Convergence criteria met.,0,0,1
696,1,4,Convergence criteria met.,0,0,1
696,1,5,Convergence criteria met.,0,0,1
696,1,6,Convergence criteria met.,0,0,1
696,3,1,Convergence criteria met.,0,0,1
696,3,2,Convergence criteria met.,0,0,1
696,3,3,Convergence criteria met.,0,0,1
696,3,4,Convergence criteria met.,0,0,1
696,3,5,Convergence criteria met.,0,0,1
696,3,6,Convergence criteria met.,0,0,1
697,1,1,Convergence criteria met.,0,0,1
697,1,2,Convergence criteria met.,0,0,1
697,1,3,Convergence criteria met.,0,0,1
697,1,4,Convergence criteria met.,0,0,1
697,1,5,Convergence criteria met.,0,0,1
697,1,6,Convergence criteria met.,0,0,1
697,3,1,Convergence criteria met.,0,0,1
697,3,2,Convergence criteria met.,0,0,1
697,3,3,Convergence criteria met.,0,0,1
697,3,4,Convergence criteria met.,0,0,1
697,3,5,Convergence criteria met.,0,0,1
697,3,6,Convergence criteria met.,0,0,1
698,1,1,Convergence criteria met.,0,0,1
698,1,2,Convergence criteria met.,0,0,1
698,1,3,Convergence criteria met.,0,0,1
698,1,4,Convergence criteria met.,0,0,1
698,1,5,Convergence criteria met.,0,0,1
698,1,6,Convergence criteria met.,0,0,1
698,3,1,Convergence criteria met.,0,0,1
698,3,2,Convergence criteria met.,0,0,1
698,3,3,Convergence criteria met.,0,0,1
698,3,4,Convergence criteria met.,0,0,1
698,3,5,Convergence criteria met.,0,0,1
698,3,6,Convergence criteria met.,0,0,1
699,1,1,Convergence criteria met.,0,0,1
699,1,2,Convergence criteria met.,0,0,1
699,1,3,Convergence criteria met.,0,0,1
699,1,4,Convergence criteria met.,0,0,1
699,1,5,Convergence criteria met.,0,0,1
699,1,6,Convergence criteria met.,0,0,1
699,3,1,Convergence criteria met.,0,0,1
699,3,2,Convergence criteria met.,0,0,1
699,3,3,Convergence criteria met.,0,0,1
699,3,4,Convergence criteria met.,0,0,1
699,3,5,Convergence criteria met.,0,0,1
699,3,6,Convergence criteria met.,0,0,1
700,1,1,Convergence criteria met.,0,0,1
700,1,2,Convergence criteria met.,0,0,1
700,1,3,Convergence criteria met.,0,0,1
700,1,4,Convergence criteria met.,0,0,1
700,1,5,Convergence criteria met.,0,0,1
700,1,6,Convergence criteria met.,0,0,1
700,3,1,Convergence criteria met.,0,0,1
700,3,2,Convergence criteria met.,0,0,1
700,3,3,Convergence criteria met.,0,0,1
700,3,4,Convergence criteria met.,0,0,1
700,3,5,Convergence criteria met.,0,0,1
700,3,6,Convergence criteria met.,0,0,1
701,1,1,Convergence criteria met.,0,0,1
701,1,2,Convergence criteria met.,0,0,1
701,1,3,Convergence criteria met.,0,0,1
701,1,4,Convergence criteria met.,0,0,1
701,1,5,Convergence criteria met.,0,0,1
701,1,6,Convergence criteria met.,0,0,1
701,3,1,Convergence criteria met.,0,0,1
701,3,2,Convergence criteria met.,0,0,1
701,3,3,Convergence criteria met.,0,0,1
701,3,4,Convergence criteria met.,0,0,1
701,3,5,Convergence criteria met.,0,0,1
701,3,6,Convergence criteria met.,0,0,1
702,1,1,Convergence criteria met.,0,0,1
702,1,2,Convergence criteria met.,0,0,1
702,1,3,Convergence criteria met.,0,0,1
702,1,4,Convergence criteria met.,0,0,1
702,1,5,Convergence criteria met.,0,0,1
702,1,6,Convergence criteria met.,0,0,1
702,3,1,Convergence criteria met.,0,0,1
702,3,2,Convergence criteria met.,0,0,1
702,3,3,Convergence criteria met.,0,0,1
702,3,4,Convergence criteria met.,0,0,1
702,3,5,Convergence criteria met.,0,0,1
702,3,6,Convergence criteria met.,0,0,1
703,1,1,Convergence criteria met.,0,0,1
703,1,2,Convergence criteria met.,0,0,1
703,1,3,Convergence criteria met.,0,0,1
703,1,4,Convergence criteria met.,0,0,1
703,1,5,Convergence criteria met.,0,0,1
703,1,6,Convergence criteria met.,0,0,1
703,3,1,Convergence criteria met.,0,0,1
703,3,2,Convergence criteria met.,0,0,1
703,3,3,Convergence criteria met.,0,0,1
703,3,4,Convergence criteria met.,0,0,1
703,3,5,Convergence criteria met.,0,0,1
703,3,6,Convergence criteria met.,0,0,1
704,1,1,Convergence criteria met.,0,0,1
704,1,2,Convergence criteria met.,0,0,1
704,1,3,Convergence criteria met.,0,0,1
704,1,4,Convergence criteria met.,0,0,1
704,1,5,Convergence criteria met.,0,0,1
704,1,6,Convergence criteria met.,0,0,1
704,3,1,Convergence criteria met.,0,0,1
704,3,2,Convergence criteria met.,0,0,1
704,3,3,Convergence criteria met.,0,0,1
704,3,4,Convergence criteria met.,0,0,1
704,3,5,Convergence criteria met.,0,0,1
704,3,6,Convergence criteria met.,0,0,1
705,1,1,Convergence criteria met.,0,0,1
705,1,2,Convergence criteria met.,0,0,1
705,1,3,Convergence criteria met.,0,0,1
705,1,4,Convergence criteria met.,0,0,1
705,1,5,Convergence criteria met.,0,0,1
705,1,6,Convergence criteria met.,0,0,1
705,3,1,Convergence criteria met.,0,0,1
705,3,2,Convergence criteria met.,0,0,1
705,3,3,Convergence criteria met.,0,0,1
705,3,4,Convergence criteria met.,0,0,1
705,3,5,Convergence criteria met.,0,0,1
705,3,6,Convergence criteria met.,0,0,1
706,1,1,Convergence criteria met.,0,0,1
706,1,2,Convergence criteria met.,0,0,1
706,1,3,Convergence criteria met.,0,0,1
706,1,4,Convergence criteria met.,0,0,1
706,1,5,Convergence criteria met.,0,0,1
706,1,6,Convergence criteria met.,0,0,1
706,3,1,Convergence criteria met.,0,0,1
706,3,2,Convergence criteria met.,0,0,1
706,3,3,Convergence criteria met.,0,0,1
706,3,4,Convergence criteria met.,0,0,1
706,3,5,Convergence criteria met.,0,0,1
706,3,6,Convergence criteria met.,0,0,1
707,1,1,Convergence criteria met.,0,0,1
707,1,2,Convergence criteria met.,0,0,1
707,1,3,Convergence criteria met.,0,0,1
707,1,4,Convergence criteria met.,0,0,1
707,1,5,Convergence criteria met.,0,0,1
707,1,6,Convergence criteria met.,0,0,1
707,3,1,Convergence criteria met.,0,0,1
707,3,2,Convergence criteria met.,0,0,1
707,3,3,Convergence criteria met.,0,0,1
707,3,4,Convergence criteria met.,0,0,1
707,3,5,Convergence criteria met.,0,0,1
707,3,6,Convergence criteria met.,0,0,1
708,1,1,Convergence criteria met.,0,0,1
708,1,2,Convergence criteria met.,0,0,1
708,1,3,Convergence criteria met.,0,0,1
708,1,4,Convergence criteria met.,0,0,1
708,1,5,Convergence criteria met.,0,0,1
708,1,6,Convergence criteria met.,0,0,1
708,3,1,Convergence criteria met.,0,0,1
708,3,2,Convergence criteria met.,0,0,1
708,3,3,Convergence criteria met.,0,0,1
708,3,4,Convergence criteria met.,0,0,1
708,3,5,Convergence criteria met.,0,0,1
708,3,6,Convergence criteria met.,0,0,1
709,1,1,Convergence criteria met.,0,0,1
709,1,2,Convergence criteria met.,0,0,1
709,1,3,Convergence criteria met.,0,0,1
709,1,4,Convergence criteria met.,0,0,1
709,1,5,Convergence criteria met.,0,0,1
709,1,6,Convergence criteria met.,0,0,1
709,3,1,Convergence criteria met.,0,0,1
709,3,2,Convergence criteria met.,0,0,1
709,3,3,Convergence criteria met.,0,0,1
709,3,4,Convergence criteria met.,0,0,1
709,3,5,Convergence criteria met.,0,0,1
709,3,6,Convergence criteria met.,0,0,1
710,1,1,Convergence criteria met.,0,0,1
710,1,2,Convergence criteria met.,0,0,1
710,1,3,Convergence criteria met.,0,0,1
710,1,4,Convergence criteria met.,0,0,1
710,1,5,Convergence criteria met.,0,0,1
710,1,6,Convergence criteria met.,0,0,1
710,3,1,Convergence criteria met.,0,0,1
710,3,2,Convergence criteria met.,0,0,1
710,3,3,Convergence criteria met.,0,0,1
710,3,4,Convergence criteria met.,0,0,1
710,3,5,Convergence criteria met.,0,0,1
710,3,6,Convergence criteria met.,0,0,1
711,1,1,Convergence criteria met.,0,0,1
711,1,2,Convergence criteria met.,0,0,1
711,1,3,Convergence criteria met.,0,0,1
711,1,4,Convergence criteria met.,0,0,1
711,1,5,Convergence criteria met.,0,0,1
711,1,6,Convergence criteria met.,0,0,1
711,3,1,Convergence criteria met.,0,0,1
711,3,2,Convergence criteria met.,0,0,1
711,3,3,Convergence criteria met.,0,0,1
711,3,4,Convergence criteria met.,0,0,1
711,3,5,Convergence criteria met.,0,0,1
711,3,6,Convergence criteria met.,0,0,1
712,1,1,Convergence criteria met.,0,0,1
712,1,2,Convergence criteria met.,0,0,1
712,1,3,Convergence criteria met.,0,0,1
712,1,4,Convergence criteria met.,0,0,1
712,1,5,Convergence criteria met.,0,0,1
712,1,6,Convergence criteria met.,0,0,1
712,3,1,Convergence criteria met.,0,0,1
712,3,2,Convergence criteria met.,0,0,1
712,3,3,Convergence criteria met.,0,0,1
712,3,4,Convergence criteria met.,0,0,1
712,3,5,Convergence criteria met.,0,0,1
712,3,6,Convergence criteria met.,0,0,1
713,1,1,Convergence criteria met.,0,0,1
713,1,2,Convergence criteria met.,0,0,1
713,1,3,Convergence criteria met.,0,0,1
713,1,4,Convergence criteria met.,0,0,1
713,1,5,Convergence criteria met.,0,0,1
713,1,6,Convergence criteria met.,0,0,1
713,3,1,Convergence criteria met.,0,0,1
713,3,2,Convergence criteria met.,0,0,1
713,3,3,Convergence criteria met.,0,0,1
713,3,4,Convergence criteria met.,0,0,1
713,3,5,Convergence criteria met.,0,0,1
713,3,6,Convergence criteria met.,0,0,1
714,1,1,Convergence criteria met.,0,0,1
714,1,2,Convergence criteria met.,0,0,1
714,1,3,Convergence criteria met.,0,0,1
714,1,4,Convergence criteria met.,0,0,1
714,1,5,Convergence criteria met.,0,0,1
714,1,6,Convergence criteria met.,0,0,1
714,3,1,Convergence criteria met.,0,0,1
714,3,2,Convergence criteria met.,0,0,1
714,3,3,Convergence criteria met.,0,0,1
714,3,4,Convergence criteria met.,0,0,1
714,3,5,Convergence criteria met.,0,0,1
714,3,6,Convergence criteria met.,0,0,1
715,1,1,Convergence criteria met.,0,0,1
715,1,2,Convergence criteria met.,0,0,1
715,1,3,Convergence criteria met.,0,0,1
715,1,4,Convergence criteria met.,0,0,1
715,1,5,Convergence criteria met.,0,0,1
715,1,6,Convergence criteria met.,0,0,1
715,3,1,Convergence criteria met.,0,0,1
715,3,2,Convergence criteria met.,0,0,1
715,3,3,Convergence criteria met.,0,0,1
715,3,4,Convergence criteria met.,0,0,1
715,3,5,Convergence criteria met.,0,0,1
715,3,6,Convergence criteria met.,0,0,1
716,1,1,Convergence criteria met.,0,0,1
716,1,2,Convergence criteria met.,0,0,1
716,1,3,Convergence criteria met.,0,0,1
716,1,4,Convergence criteria met.,0,0,1
716,1,5,Convergence criteria met.,0,0,1
716,1,6,Convergence criteria met.,0,0,1
716,3,1,Convergence criteria met.,0,0,1
716,3,2,Convergence criteria met.,0,0,1
716,3,3,Convergence criteria met.,0,0,1
716,3,4,Convergence criteria met.,0,0,1
716,3,5,Convergence criteria met.,0,0,1
716,3,6,Convergence criteria met.,0,0,1
717,1,1,Convergence criteria met.,0,0,1
717,1,2,Convergence criteria met.,0,0,1
717,1,3,Convergence criteria met.,0,0,1
717,1,4,Convergence criteria met.,0,0,1
717,1,5,Convergence criteria met.,0,0,1
717,1,6,Convergence criteria met.,0,0,1
717,3,1,Convergence criteria met.,0,0,1
717,3,2,Convergence criteria met.,0,0,1
717,3,3,Convergence criteria met.,0,0,1
717,3,4,Convergence criteria met.,0,0,1
717,3,5,Convergence criteria met.,0,0,1
717,3,6,Convergence criteria met.,0,0,1
718,1,1,Convergence criteria met.,0,0,1
718,1,2,Convergence criteria met.,0,0,1
718,1,3,Convergence criteria met.,0,0,1
718,1,4,Convergence criteria met.,0,0,1
718,1,5,Convergence criteria met.,0,0,1
718,1,6,Convergence criteria met.,0,0,1
718,3,1,Convergence criteria met.,0,0,1
718,3,2,Convergence criteria met.,0,0,1
718,3,3,Convergence criteria met.,0,0,1
718,3,4,Convergence criteria met.,0,0,1
718,3,5,Convergence criteria met.,0,0,1
718,3,6,Convergence criteria met.,0,0,1
719,1,1,Convergence criteria met.,0,0,1
719,1,2,Convergence criteria met.,0,0,1
719,1,3,Convergence criteria met.,0,0,1
719,1,4,Convergence criteria met.,0,0,1
719,1,5,Convergence criteria met.,0,0,1
719,1,6,Convergence criteria met.,0,0,1
719,3,1,Convergence criteria met.,0,0,1
719,3,2,Convergence criteria met.,0,0,1
719,3,3,Convergence criteria met.,0,0,1
719,3,4,Convergence criteria met.,0,0,1
719,3,5,Convergence criteria met.,0,0,1
719,3,6,Convergence criteria met.,0,0,1
720,1,1,Convergence criteria met.,0,0,1
720,1,2,Convergence criteria met.,0,0,1
720,1,3,Convergence criteria met.,0,0,1
720,1,4,Convergence criteria met.,0,0,1
720,1,5,Convergence criteria met.,0,0,1
720,1,6,Convergence criteria met.,0,0,1
720,3,1,Convergence criteria met.,0,0,1
720,3,2,Convergence criteria met.,0,0,1
720,3,3,Convergence criteria met.,0,0,1
720,3,4,Convergence criteria met.,0,0,1
720,3,5,Convergence criteria met.,0,0,1
720,3,6,Convergence criteria met.,0,0,1
721,1,1,Convergence criteria met.,0,0,1
721,1,2,Convergence criteria met.,0,0,1
721,1,3,Convergence criteria met.,0,0,1
721,1,4,Convergence criteria met.,0,0,1
721,1,5,Convergence criteria met.,0,0,1
721,1,6,Convergence criteria met.,0,0,1
721,3,1,Convergence criteria met.,0,0,1
721,3,2,Convergence criteria met.,0,0,1
721,3,3,Convergence criteria met.,0,0,1
721,3,4,Convergence criteria met.,0,0,1
721,3,5,Convergence criteria met.,0,0,1
721,3,6,Convergence criteria met.,0,0,1
722,1,1,Convergence criteria met.,0,0,1
722,1,2,Convergence criteria met.,0,0,1
722,1,3,Convergence criteria met.,0,0,1
722,1,4,Convergence criteria met.,0,0,1
722,1,5,Convergence criteria met.,0,0,1
722,1,6,Convergence criteria met.,0,0,1
722,3,1,Convergence criteria met.,0,0,1
722,3,2,Convergence criteria met.,0,0,1
722,3,3,Convergence criteria met.,0,0,1
722,3,4,Convergence criteria met.,0,0,1
722,3,5,Convergence criteria met.,0,0,1
722,3,6,Convergence criteria met.,0,0,1
723,1,1,Convergence criteria met.,0,0,1
723,1,2,Convergence criteria met.,0,0,1
723,1,3,Convergence criteria met.,0,0,1
723,1,4,Convergence criteria met.,0,0,1
723,1,5,Convergence criteria met.,0,0,1
723,1,6,Convergence criteria met.,0,0,1
723,3,1,Convergence criteria met.,0,0,1
723,3,2,Convergence criteria met.,0,0,1
723,3,3,Convergence criteria met.,0,0,1
723,3,4,Convergence criteria met.,0,0,1
723,3,5,Convergence criteria met.,0,0,1
723,3,6,Convergence criteria met.,0,0,1
724,1,1,Convergence criteria met.,0,0,1
724,1,2,Convergence criteria met.,0,0,1
724,1,3,Convergence criteria met.,0,0,1
724,1,4,Convergence criteria met.,0,0,1
724,1,5,Convergence criteria met.,0,0,1
724,1,6,Convergence criteria met.,0,0,1
724,3,1,Convergence criteria met.,0,0,1
724,3,2,Convergence criteria met.,0,0,1
724,3,3,Convergence criteria met.,0,0,1
724,3,4,Convergence criteria met.,0,0,1
724,3,5,Convergence criteria met.,0,0,1
724,3,6,Convergence criteria met.,0,0,1
725,1,1,Convergence criteria met.,0,0,1
725,1,2,Convergence criteria met.,0,0,1
725,1,3,Convergence criteria met.,0,0,1
725,1,4,Convergence criteria met.,0,0,1
725,1,5,Convergence criteria met.,0,0,1
725,1,6,Convergence criteria met.,0,0,1
725,3,1,Convergence criteria met.,0,0,1
725,3,2,Convergence criteria met.,0,0,1
725,3,3,Convergence criteria met.,0,0,1
725,3,4,Convergence criteria met.,0,0,1
725,3,5,Convergence criteria met.,0,0,1
725,3,6,Convergence criteria met.,0,0,1
726,1,1,Convergence criteria met.,0,0,1
726,1,2,Convergence criteria met.,0,0,1
726,1,3,Convergence criteria met.,0,0,1
726,1,4,Convergence criteria met.,0,0,1
726,1,5,Convergence criteria met.,0,0,1
726,1,6,Convergence criteria met.,0,0,1
726,3,1,Convergence criteria met.,0,0,1
726,3,2,Convergence criteria met.,0,0,1
726,3,3,Convergence criteria met.,0,0,1
726,3,4,Convergence criteria met.,0,0,1
726,3,5,Convergence criteria met.,0,0,1
726,3,6,Convergence criteria met.,0,0,1
727,1,1,Convergence criteria met.,0,0,1
727,1,2,Convergence criteria met.,0,0,1
727,1,3,Convergence criteria met.,0,0,1
727,1,4,Convergence criteria met.,0,0,1
727,1,5,Convergence criteria met.,0,0,1
727,1,6,Convergence criteria met.,0,0,1
727,3,1,Convergence criteria met.,0,0,1
727,3,2,Convergence criteria met.,0,0,1
727,3,3,Convergence criteria met.,0,0,1
727,3,4,Convergence criteria met.,0,0,1
727,3,5,Convergence criteria met.,0,0,1
727,3,6,Convergence criteria met.,0,0,1
728,1,1,Convergence criteria met.,0,0,1
728,1,2,Convergence criteria met.,0,0,1
728,1,3,Convergence criteria met.,0,0,1
728,1,4,Convergence criteria met.,0,0,1
728,1,5,Convergence criteria met.,0,0,1
728,1,6,Convergence criteria met.,0,0,1
728,3,1,Convergence criteria met.,0,0,1
728,3,2,Convergence criteria met.,0,0,1
728,3,3,Convergence criteria met.,0,0,1
728,3,4,Convergence criteria met.,0,0,1
728,3,5,Convergence criteria met.,0,0,1
728,3,6,Convergence criteria met.,0,0,1
729,1,1,Convergence criteria met.,0,0,1
729,1,2,Convergence criteria met.,0,0,1
729,1,3,Convergence criteria met.,0,0,1
729,1,4,Convergence criteria met.,0,0,1
729,1,5,Convergence criteria met.,0,0,1
729,1,6,Convergence criteria met.,0,0,1
729,3,1,Convergence criteria met.,0,0,1
729,3,2,Convergence criteria met.,0,0,1
729,3,3,Convergence criteria met.,0,0,1
729,3,4,Convergence criteria met.,0,0,1
729,3,5,Convergence criteria met.,0,0,1
729,3,6,Convergence criteria met.,0,0,1
730,1,1,Convergence criteria met.,0,0,1
730,1,2,Convergence criteria met.,0,0,1
730,1,3,Convergence criteria met.,0,0,1
730,1,4,Convergence criteria met.,0,0,1
730,1,5,Convergence criteria met.,0,0,1
730,1,6,Convergence criteria met.,0,0,1
730,3,1,Convergence criteria met.,0,0,1
730,3,2,Convergence criteria met.,0,0,1
730,3,3,Convergence criteria met.,0,0,1
730,3,4,Convergence criteria met.,0,0,1
730,3,5,Convergence criteria met.,0,0,1
730,3,6,Convergence criteria met.,0,0,1
731,1,1,Convergence criteria met.,0,0,1
731,1,2,Convergence criteria met.,0,0,1
731,1,3,Convergence criteria met.,0,0,1
731,1,4,Convergence criteria met.,0,0,1
731,1,5,Convergence criteria met.,0,0,1
731,1,6,Convergence criteria met.,0,0,1
731,3,1,Convergence criteria met.,0,0,1
731,3,2,Convergence criteria met.,0,0,1
731,3,3,Convergence criteria met.,0,0,1
731,3,4,Convergence criteria met.,0,0,1
731,3,5,Convergence criteria met.,0,0,1
731,3,6,Convergence criteria met.,0,0,1
732,1,1,Convergence criteria met.,0,0,1
732,1,2,Convergence criteria met.,0,0,1
732,1,3,Convergence criteria met.,0,0,1
732,1,4,Convergence criteria met.,0,0,1
732,1,5,Convergence criteria met.,0,0,1
732,1,6,Convergence criteria met.,0,0,1
732,3,1,Convergence criteria met.,0,0,1
732,3,2,Convergence criteria met.,0,0,1
732,3,3,Convergence criteria met.,0,0,1
732,3,4,Convergence criteria met.,0,0,1
732,3,5,Convergence criteria met.,0,0,1
732,3,6,Convergence criteria met.,0,0,1
733,1,1,Convergence criteria met.,0,0,1
733,1,2,Convergence criteria met.,0,0,1
733,1,3,Convergence criteria met.,0,0,1
733,1,4,Convergence criteria met.,0,0,1
733,1,5,Convergence criteria met.,0,0,1
733,1,6,Convergence criteria met.,0,0,1
733,3,1,Convergence criteria met.,0,0,1
733,3,2,Convergence criteria met.,0,0,1
733,3,3,Convergence criteria met.,0,0,1
733,3,4,Convergence criteria met.,0,0,1
733,3,5,Convergence criteria met.,0,0,1
733,3,6,Convergence criteria met.,0,0,1
734,1,1,Convergence criteria met.,0,0,1
734,1,2,Convergence criteria met.,0,0,1
734,1,3,Convergence criteria met.,0,0,1
734,1,4,Convergence criteria met.,0,0,1
734,1,5,Convergence criteria met.,0,0,1
734,1,6,Convergence criteria met.,0,0,1
734,3,1,Convergence criteria met.,0,0,1
734,3,2,Convergence criteria met.,0,0,1
734,3,3,Convergence criteria met.,0,0,1
734,3,4,Convergence criteria met.,0,0,1
734,3,5,Convergence criteria met.,0,0,1
734,3,6,Convergence criteria met.,0,0,1
735,1,1,Convergence criteria met.,0,0,1
735,1,2,Convergence criteria met.,0,0,1
735,1,3,Convergence criteria met.,0,0,1
735,1,4,Convergence criteria met.,0,0,1
735,1,5,Convergence criteria met.,0,0,1
735,1,6,Convergence criteria met.,0,0,1
735,3,1,Convergence criteria met.,0,0,1
735,3,2,Convergence criteria met.,0,0,1
735,3,3,Convergence criteria met.,0,0,1
735,3,4,Convergence criteria met.,0,0,1
735,3,5,Convergence criteria met.,0,0,1
735,3,6,Convergence criteria met.,0,0,1
736,1,1,Convergence criteria met.,0,0,1
736,1,2,Convergence criteria met.,0,0,1
736,1,3,Convergence criteria met.,0,0,1
736,1,4,Convergence criteria met.,0,0,1
736,1,5,Convergence criteria met.,0,0,1
736,1,6,Convergence criteria met.,0,0,1
736,3,1,Convergence criteria met.,0,0,1
736,3,2,Convergence criteria met.,0,0,1
736,3,3,Convergence criteria met.,0,0,1
736,3,4,Convergence criteria met.,0,0,1
736,3,5,Convergence criteria met.,0,0,1
736,3,6,Convergence criteria met.,0,0,1
737,1,1,Convergence criteria met.,0,0,1
737,1,2,Convergence criteria met.,0,0,1
737,1,3,Convergence criteria met.,0,0,1
737,1,4,Convergence criteria met.,0,0,1
737,1,5,Convergence criteria met.,0,0,1
737,1,6,Convergence criteria met.,0,0,1
737,3,1,Convergence criteria met.,0,0,1
737,3,2,Convergence criteria met.,0,0,1
737,3,3,Convergence criteria met.,0,0,1
737,3,4,Convergence criteria met.,0,0,1
737,3,5,Convergence criteria met.,0,0,1
737,3,6,Convergence criteria met.,0,0,1
738,1,1,Convergence criteria met.,0,0,1
738,1,2,Convergence criteria met.,0,0,1
738,1,3,Convergence criteria met.,0,0,1
738,1,4,Convergence criteria met.,0,0,1
738,1,5,Convergence criteria met.,0,0,1
738,1,6,Convergence criteria met.,0,0,1
738,3,1,Convergence criteria met.,0,0,1
738,3,2,Convergence criteria met.,0,0,1
738,3,3,Convergence criteria met.,0,0,1
738,3,4,Convergence criteria met.,0,0,1
738,3,5,Convergence criteria met.,0,0,1
738,3,6,Convergence criteria met.,0,0,1
739,1,1,Convergence criteria met.,0,0,1
739,1,2,Convergence criteria met.,0,0,1
739,1,3,Convergence criteria met.,0,0,1
739,1,4,Convergence criteria met.,0,0,1
739,1,5,Convergence criteria met.,0,0,1
739,1,6,Convergence criteria met.,0,0,1
739,3,1,Convergence criteria met.,0,0,1
739,3,2,Convergence criteria met.,0,0,1
739,3,3,Convergence criteria met.,0,0,1
739,3,4,Convergence criteria met.,0,0,1
739,3,5,Convergence criteria met.,0,0,1
739,3,6,Convergence criteria met.,0,0,1
740,1,1,Convergence criteria met.,0,0,1
740,1,2,Convergence criteria met.,0,0,1
740,1,3,Convergence criteria met.,0,0,1
740,1,4,Convergence criteria met.,0,0,1
740,1,5,Convergence criteria met.,0,0,1
740,1,6,Convergence criteria met.,0,0,1
740,3,1,Convergence criteria met.,0,0,1
740,3,2,Convergence criteria met.,0,0,1
740,3,3,Convergence criteria met.,0,0,1
740,3,4,Convergence criteria met.,0,0,1
740,3,5,Convergence criteria met.,0,0,1
740,3,6,Convergence criteria met.,0,0,1
741,1,1,Convergence criteria met.,0,0,1
741,1,2,Convergence criteria met.,0,0,1
741,1,3,Convergence criteria met.,0,0,1
741,1,4,Convergence criteria met.,0,0,1
741,1,5,Convergence criteria met.,0,0,1
741,1,6,Convergence criteria met.,0,0,1
741,3,1,Convergence criteria met.,0,0,1
741,3,2,Convergence criteria met.,0,0,1
741,3,3,Convergence criteria met.,0,0,1
741,3,4,Convergence criteria met.,0,0,1
741,3,5,Convergence criteria met.,0,0,1
741,3,6,Convergence criteria met.,0,0,1
742,1,1,Convergence criteria met.,0,0,1
742,1,2,Convergence criteria met.,0,0,1
742,1,3,Convergence criteria met.,0,0,1
742,1,4,Convergence criteria met.,0,0,1
742,1,5,Convergence criteria met.,0,0,1
742,1,6,Convergence criteria met.,0,0,1
742,3,1,Convergence criteria met.,0,0,1
742,3,2,Convergence criteria met.,0,0,1
742,3,3,Convergence criteria met.,0,0,1
742,3,4,Convergence criteria met.,0,0,1
742,3,5,Convergence criteria met.,0,0,1
742,3,6,Convergence criteria met.,0,0,1
743,1,1,Convergence criteria met.,0,0,1
743,1,2,Convergence criteria met.,0,0,1
743,1,3,Convergence criteria met.,0,0,1
743,1,4,Convergence criteria met.,0,0,1
743,1,5,Convergence criteria met.,0,0,1
743,1,6,Convergence criteria met.,0,0,1
743,3,1,Convergence criteria met.,0,0,1
743,3,2,Convergence criteria met.,0,0,1
743,3,3,Convergence criteria met.,0,0,1
743,3,4,Convergence criteria met.,0,0,1
743,3,5,Convergence criteria met.,0,0,1
743,3,6,Convergence criteria met.,0,0,1
744,1,1,Convergence criteria met.,0,0,1
744,1,2,Convergence criteria met.,0,0,1
744,1,3,Convergence criteria met.,0,0,1
744,1,4,Convergence criteria met.,0,0,1
744,1,5,Convergence criteria met.,0,0,1
744,1,6,Convergence criteria met.,0,0,1
744,3,1,Convergence criteria met.,0,0,1
744,3,2,Convergence criteria met.,0,0,1
744,3,3,Convergence criteria met.,0,0,1
744,3,4,Convergence criteria met.,0,0,1
744,3,5,Convergence criteria met.,0,0,1
744,3,6,Convergence criteria met.,0,0,1
745,1,1,Convergence criteria met.,0,0,1
745,1,2,Convergence criteria met.,0,0,1
745,1,3,Convergence criteria met.,0,0,1
745,1,4,Convergence criteria met.,0,0,1
745,1,5,Convergence criteria met.,0,0,1
745,1,6,Convergence criteria met.,0,0,1
745,3,1,Convergence criteria met.,0,0,1
745,3,2,Convergence criteria met.,0,0,1
745,3,3,Convergence criteria met.,0,0,1
745,3,4,Convergence criteria met.,0,0,1
745,3,5,Convergence criteria met.,0,0,1
745,3,6,Convergence criteria met.,0,0,1
746,1,1,Convergence criteria met.,0,0,1
746,1,2,Convergence criteria met.,0,0,1
746,1,3,Convergence criteria met.,0,0,1
746,1,4,Convergence criteria met.,0,0,1
746,1,5,WARNING: Did not converge.,1,0,1
746,1,6,Convergence criteria met.,0,0,1
746,3,1,Convergence criteria met.,0,0,1
746,3,2,Convergence criteria met.,0,0,1
746,3,3,Convergence criteria met.,0,0,1
746,3,4,Convergence criteria met.,0,0,1
746,3,5,Convergence criteria met.,0,0,1
746,3,6,Convergence criteria met.,0,0,1
747,1,1,Convergence criteria met.,0,0,1
747,1,2,Convergence criteria met.,0,0,1
747,1,3,Convergence criteria met.,0,0,1
747,1,4,Convergence criteria met.,0,0,1
747,1,5,Convergence criteria met.,0,0,1
747,1,6,Convergence criteria met.,0,0,1
747,3,1,Convergence criteria met.,0,0,1
747,3,2,Convergence criteria met.,0,0,1
747,3,3,Convergence criteria met.,0,0,1
747,3,4,Convergence criteria met.,0,0,1
747,3,5,Convergence criteria met.,0,0,1
747,3,6,Convergence criteria met.,0,0,1
748,1,1,Convergence criteria met.,0,0,1
748,1,2,Convergence criteria met.,0,0,1
748,1,3,Convergence criteria met.,0,0,1
748,1,4,Convergence criteria met.,0,0,1
748,1,5,Convergence criteria met.,0,0,1
748,1,6,Convergence criteria met.,0,0,1
748,3,1,Convergence criteria met.,0,0,1
748,3,2,Convergence criteria met.,0,0,1
748,3,3,Convergence criteria met.,0,0,1
748,3,4,Convergence criteria met.,0,0,1
748,3,5,Convergence criteria met.,0,0,1
748,3,6,Convergence criteria met.,0,0,1
749,1,1,Convergence criteria met.,0,0,1
749,1,2,Convergence criteria met.,0,0,1
749,1,3,Convergence criteria met.,0,0,1
749,1,4,Convergence criteria met.,0,0,1
749,1,5,Convergence criteria met.,0,0,1
749,1,6,Convergence criteria met.,0,0,1
749,3,1,Convergence criteria met.,0,0,1
749,3,2,Convergence criteria met.,0,0,1
749,3,3,Convergence criteria met.,0,0,1
749,3,4,Convergence criteria met.,0,0,1
749,3,5,Convergence criteria met.,0,0,1
749,3,6,Convergence criteria met.,0,0,1
750,1,1,Convergence criteria met.,0,0,1
750,1,2,Convergence criteria met.,0,0,1
750,1,3,Convergence criteria met.,0,0,1
750,1,4,Convergence criteria met.,0,0,1
750,1,5,Convergence criteria met.,0,0,1
750,1,6,Convergence criteria met.,0,0,1
750,3,1,Convergence criteria met.,0,0,1
750,3,2,Convergence criteria met.,0,0,1
750,3,3,Convergence criteria met.,0,0,1
750,3,4,Convergence criteria met.,0,0,1
750,3,5,Convergence criteria met.,0,0,1
750,3,6,Convergence criteria met.,0,0,1
